"Swift, Taylor",1989,Shake it Off,Pop,3:35,12,3,"Taylor Swift - Shake It Off.wav"
"Drake",NOTHING WAS THE SAME,Own it,Rap,3:23,3,3,"Own It.wav"
"Drake",YOU WELCOME,The Motto,Rap,4:13,7,4,"The Motto.wav"
"Perri, Christina",HEAD OF HEART,Trust,Pop,2:35,3,5,"Christina Perri - Trust.wav"
"Bieber, Justin",PURPOSE,No Sense,Pop,4:12,6,1,"No Sense.wav"
"Eminem",SHADYXV,Vegas,Rap,3:37,8,3,"Vegas.wav"
"Adele",25,Remedy,Pop,4:11,24,4,"Remedy.wav"
"Swift, Taylor",RED,Stay Stay Stay,Pop,4:42,5,1,"Stay Stay Stay (Taylor's Version).wav"
"Brooks, Garth",FRESH HORSES,The Old Stuff,Country,2:57,11,2,"Garth Brooks - The Old Stuff.wav"
